model,data,chi2_paper,chi2_cobaya_papercut,difference,dchi2_paper,dchi2_cobaya_papercut,dchi2_cobaya_standardcut,bestfit_shape_papercut,bestfit_shape_standardcut,H_E,Omega_m,H_local
LCDM,BAO,10.28,10.283,+0.003,+0.00,+0.000,+0.000,,,69.04,0.2972,69.04
LCDM,BAO+SN,1470.10,1470.098,-0.002,+0.00,+0.000,+0.000,,,68.65,0.3045,68.65
LCDM,BAO+SN+CMB,1471.77,1471.774,+0.004,+0.00,+0.000,+0.000,,,68.72,0.3011,68.72
exp_fix,BAO,9.58,9.577,-0.003,-0.70,-0.707,-0.707,,,62.97,0.3629,68.45
exp_fix,BAO+SN,1466.19,1466.186,-0.004,-3.91,-3.911,-3.419,,,62.71,0.3685,68.24
exp_fix,BAO+SN+CMB,1467.88,1467.881,+0.001,-3.89,-3.893,-3.464,,,63.06,0.3587,68.48
pl_fix,BAO,9.29,9.289,-0.001,-0.99,-0.994,-0.994,,,63.06,0.3467,68.31
pl_fix,BAO+SN,1465.80,1465.797,-0.003,-4.30,-4.301,-3.871,,,62.84,0.3512,68.13
pl_fix,BAO+SN+CMB,1471.11,1471.114,+0.004,-0.66,-0.661,+0.004,,,62.20,0.3646,67.63
exp_free,BAO,8.30,8.300,-0.000,-1.98,-1.984,-1.984,0.585,0.585,62.15,0.3661,67.60
exp_free,BAO+SN,1463.96,1463.958,-0.002,-6.14,-6.139,-5.286,0.566,0.555,62.28,0.3649,67.73
exp_free,BAO+SN+CMB,1464.89,1464.889,-0.001,-6.88,-6.886,-6.013,0.542,0.535,62.25,0.3669,67.72
pl_free,BAO,9.23,9.234,+0.004,-1.05,-1.049,-1.049,2.061,2.061,62.92,0.3443,68.12
pl_free,BAO+SN,1465.12,1465.121,+0.001,-4.98,-4.977,-4.358,1.805,1.872,62.73,0.3408,67.86
pl_free,BAO+SN+CMB,1469.50,1469.504,+0.004,-2.27,-2.270,-1.895,2.562,2.593,62.69,0.3603,68.11
